lat,lng,pano_id
30.71131375446979,76.80056971925278,6YbSOJYq_bGE0E83-JFA2A
30.71138386689704,76.80060563222104,ZhFIQ0X2ExZk-QZedpEOHw
30.71139495991763,76.80048583426455,zXNDa-3To6LUVVwCusNXAg
30.71145058697156,76.80052914110708,Eg2I2AlO8wExryXAspOx7g
30.71146318943756,76.80041480044757,aJ3d9gnlmlhi8-FXeSKYCw
30.7115178371962,76.80045863544721,H7p-OlZgxuYu9xDtAWrmwg
30.71153097903614,76.80034535098882,8h66zVx2-2r22a89uSXHIw
30.71158385401806,76.80039288294195,hlkMNdzwvxFIRVw-FpqAPw
30.71159893638873,76.80027167642567,ovK5CZxZjrSdm2vF9UuDRw
30.71164948488693,76.80017617229744,nAtBa2thJoQ9-rsXqgCZ0Q
30.71165132610035,76.80032536995868,zirdlT7xJGp6P9tEVD06xA
30.71167702668198,76.80018682299188,wKx3qf3naYu4Y5XikAULmw
30.71171184717858,76.80011341240191,aeT_YOkq3uXia2C7RpsaSg
30.71172531768683,76.80025090318372,pEF-RiHaXLJ1X2nZiKl9ZA
30.71174931801396,76.80011173997791,oaFMozMYUICSyi_kmfoBOQ
30.71179535946571,76.80002935106174,rqVJT3Av_-OniWgOa17WwA
30.71179551878575,76.80018479847978,Ur-s7XxlTuYCPWguC9OWfg
30.71186519776414,76.79995805291725,pDYo3dtO2RO7ZvezHo3dVA
30.71186962789694,76.80011482075896,PAaxUN-Pb2mgOrONrCb7ZQ
30.71192872947929,76.79989326839501,0qxJ4S1ylEGVD-LpvgPKrw
30.71193241154806,76.80005531765978,UtD9g42NdoRMaq3pzJ8czw
30.7119604077968,76.80001852430908,0xlF7ipRGLwNgvxsZ386dQ
30.71198943659148,76.79983033231197,GuwskqMvzzvD7b3RtljTxA
30.71201383347141,76.79997521728909,kNKaz_5TcT3HJ1BgWmAbpQ
30.71201803031837,76.7998327969424,ggHpfgFMc7cUq8hyCTp28g
30.71207385506857,76.7997467108937,YElERqGvmtlNXt6JaryJaQ
30.71208136840206,76.79990664780998,8TudEPSz5Ek-7te1r9_seA
30.71214449988553,76.79967655688161,kVQ3_waNamSyf4OjC7PX5A
30.7121489757872,76.79983711004552,szAmNy4VeSm0LWwWoE6byQ
30.71222094779796,76.79959918497055,4KLL9kWXqheHNFxVjlrSbA
30.71222337463115,76.79975991427926,yNFiuQ8GdrcHb80HDpCNAg
30.71225827549035,76.79971907180207,gXQTbnNYIV4iOvE4RrVW1w
30.71228832357618,76.79953158353452,iGF86mt6OIVy8ryrFl5ZZA
30.71229090016883,76.79969125665906,3vmFXCGvhJcaEpnRjqSxag
30.71232714751623,76.79964759743476,FaVCw0YgxXIrjTUawf-9IA
30.71235811275843,76.79962374329564,bR4Ylv62-bGj7zbAJyys1g
30.71236274010175,76.79945790849021,DT0g1sIr-1mTVKpJiZschg
30.71239486332762,76.79957744336687,1fvP9NT5_6iZNUvLPkcKtw
30.71242528443456,76.7995566700092,zTSKqHuEHNa3avFP68_Jkg
30.71243123547229,76.79939030697754,PAZBIy8aEN-c0YB1WJB_ZQ
30.71246193524698,76.79950772937322,WfemTBzu5kpPI4ae9M5PWg
30.71250192959662,76.79931980067332,WhggcnMyKgJVAKM7xC_qtA
30.71250522295659,76.79947639327246,CXVMVrRs_0unyWoyy6wiFw
30.71252782604243,76.79929858715825,6j43UJoO3IUAIBawhy8GTw
30.71252919746994,76.79943819138613,0DAt108UL0s3xe-__8canQ
30.71257428497586,76.79940676724507,9RH5WKPYC8mlLzcEHlzxfw
30.71257924734327,76.79924251656367,TxMMyqhTb0-_uR6D7SlWag
30.71260492853856,76.79936055525852,ROoR4MeU0fZa3VT4MkiMyw
30.71264283002647,76.79933881361322,iU5_ebdXp-rsxImSHaPW3w
30.71264885768972,76.79917236226775,plA4PXWc2VaB109-RFbHXQ
30.71267191396273,76.79929251357858,JUFQPfTOM4adGAz0P38JGA
30.7126829237786,76.79914181828968,j0q1PWdMYTU3vMGJiib9hw
30.71271714635121,76.79926584263826,Ro3AqKRbK-FW0MzzS-TTkA
30.71273951586664,76.79922376767792,0XxyDYp8vGWOP73uSHTwvQ
30.71275103331782,76.79907298428283,04ETAfnEtjSLtuC11dcSNQ
30.71278703316322,76.7991958644014,qEVOW6ltGaKq1OMTsvvyBg
30.71280879965521,76.79915378941742,ypcJ5sztbss8VDOVXiUG0Q
30.71283527809446,76.79898768991727,xpC9Xp9zgC-BCE2UCsKF0w
30.71285375990701,76.79912782263152,IK0RJtJhpYDKZyjaIULOIg
30.71287904446979,76.79908310693328,EZxNuovsmXUn0Rr-wCi33w
30.71289390750647,76.79892801023358,nT5ijz8hFtnr3FP9PR7ODA
30.71292171970867,76.79905837245552,_EJGaqmIGMjX_1tZ1hp1SQ
30.71293463794148,76.7988869034142,Oa86rqnb9hdBaO7czXL7xw
30.71295085327708,76.7990117202243,AcS2xvOyfxHYWGL2KF6arg
30.71296716242792,76.79885310250758,HJ6OaV0c3EbmlbZ8xwF3Pg
30.71299806664884,76.79898337678475,02svcgO6lIJFDyQGtVxiNQ
30.71302513280718,76.79893839696526,YOPMwY4iN2vskzeQ56_8fQ
30.71303185768957,76.7987870850854,jZ7oShVXk4H6R4QnK3WnFQ
30.71306857864196,76.79891445466723,f_ZGX5bzBkK0l0p8in-KZw
30.71308284310848,76.79873515135536,-UoyClZBiytxk5JUQP7iAQ
30.7130908753492,76.79887334784337,JLOOUhKtolvYMWGZrE9Ixw
30.71310348933828,76.79871314553102,7AX_MIVqLzXTl_c7XwHUiQ
30.713138555594,76.79884201158308,IwRW_0tneN4lfx1SBV7f0g
30.71315802904786,76.79865725071974,4JlKo2fQ226BMn-loh_png
30.71316556268112,76.79879896822396,MK1K8xMamD5FV34Y6tk89A
30.71320386279334,76.79877273729434,nL-w5X9yrWxJ3BwD2df03w
30.71322733472571,76.79858665597739,2NSVLcv4T4SDkdfQTT02Yg
30.71323913008822,76.79872458856016,UnLvppB_SbmH_N5l3m2SMg
30.71327632396801,76.79869598098534,a8i_0rroeEHYGGbWi1te2A
30.71329685790257,76.79851650131226,e1XEoq-__QW7yLGWcSu4xw
30.71331181785507,76.79865003280528,6fETMo_p3bozDHVcQHYVDg
30.713322894513,76.79848745357236,4jZnrkQliScvTC6-R1-_WQ
30.7133467539397,76.79862292161063,1Cv4jVxyr4b_yg7nhwmmtA
30.71339229966824,76.7984161545457,5Q0wGaACZS1OeIRLEbGsGA
30.71339299243607,76.79856755489934,zn1rELfH62iUdGDRhdjRFg
30.71341903350267,76.79854942207598,eidCHa7DGmkEgq8TE9JQAA
30.71344384679387,76.79837135056859,1eIGWaqxIvroN18JGU0u3Q
30.71347265717372,76.79848630926732,EOlBo6dYDtzQfT0Hvv3Xow
30.71349537508785,76.79846685607997,JOjjFMWo1jSFu01rNbOGzQ
30.7135293596397,76.79828499943956,aV8vn3WLP8jPo0ENubNeFQ
30.71355244869956,76.79840629591166,HpuZY3Ftm6muuriJBN_O4g
30.71360532004824,76.79820542607298,WaOei5q9WqJaSPM2AaGjSw
30.71362297793995,76.79833587707431,qwz-qfADBdgvQURhSMwcPA
30.71367351428758,76.79813491909842,ipnkkAOncs8eGMzmFhLW2A
30.71370190327848,76.79825665583472,IdAaAXOrnsRJigN4m_YLTA
30.71375230749327,76.79828940061985,xnJzMCuzk4TnnIFY3zqUQg
30.71375384480314,76.79805261689913,13y2rW9zs7-Gg458V7LUfw
30.7137565057,76.79824653311714,xTedlHxv69wNLTOCNyznKg
30.71377605386817,76.79843129458936,RrLQ4s1Hdxcw4mtvbIzixg
30.71379322267912,76.79839141993558,mJ20e_4MEV5udOiyxz3LrQ
30.71381149812112,76.79816326273094,u7H6vjkEbTtTv8-iXy40sQ
30.71382441892849,76.79797427571778,cUdpnFwb8onjLrWX3XU-bA
30.71387689042738,76.79809398806492,d4L1S-CBw-VJwXK0Zz5tdg
30.71387985079684,76.79787938599621,k4PljO9R6zTtdyyMTWK22w
30.71390183408979,76.79790632130485,S-SMooi6SOOYXoyiK9JL-g
30.71392136906433,76.79780412554416,aD3QRlaqTLRwp0s_z-I2uw
30.71393462090384,76.79802392114628,0eUfDlPBqiqFkx0YstAsdQ
30.71394299880827,76.79786609438752,osgOcYwmlzQ-wj8t9KdzJA
30.71399101363722,76.79779620338867,L5OHJkjwqHwAL21bqfvfRg
30.71402112553551,76.79779083392744,EV0W6MQZee9TmafF9AdHvA
30.71402127994666,76.79794954101995,Dey6EGwY4TdqNCUUTUN1ug
30.71407251782501,76.79774118840609,SG8qH4hwY9H3y2oRK1C7Cg
30.71407842991947,76.79788053030683,AYCbwSKubTlIsns6efc5YQ
30.71409434683568,76.7977197985743,UFKUEUmCjBH2ULx1EjyEbA
30.71414658681376,76.79766918476021,JjjC_lVSuhZPj8a_6b0xSg
30.71416157521026,76.79781134350762,1pN8Q1CuK-MxLugnm8k5MA
30.71416906861897,76.79764744281984,Br1UEA14pYTcfS2QaLsNyg
30.71421427700347,76.79760299066275,oiV6NqKVIVs5I4Dx4ZaugQ
30.71422834519222,76.79774541355762,Nvfs6HSYXx-jJYzCBksDpQ
30.71423624648018,76.79758045649389,jeKoGw0mE98qsnl9tHBQUw
30.71428097423336,76.79753468395086,vqg1blqCjtQ_5aql5KSiEA
30.71429149726698,76.79767112128913,BlktdcwYqhBJ7YmGOuYiog
30.71430335622776,76.79751197372134,u4rVZCQkudwaQ8lRb5GXTg
30.71434806577615,76.7974660251048,McjkXdmSxnJiG1xStPVpJA
30.71437041146523,76.79744296276597,hPYU-5te4sBNLQCPBZQPKg
30.71438636586466,76.7975869702775,iHvLISBTArkpxnp6epDDNg
30.71441540201888,76.79739639795434,IjD4p9LPqq5btaWET3ivYA
30.71444340199584,76.79752104020882,FmEZfvLzQOTmF7cz7jjgJQ
30.71444554530217,76.79736541341975,UXY0rpamKYn7Nl9bLhl2Vg
30.71448344538859,76.79732694681354,WxQr-nVcNQ4AyIiFrfL70Q
30.7145213363742,76.79728839217115,hE68lDM4BC6K1EorYck-Jg
30.7145217864203,76.79744745200018,UvBbJwTOQSCwK5FrdfSF6Q
30.71455178333411,76.79725784773139,Vt5JbJh-_y6xK2QCci2MfA
30.71458985241758,76.79737738471812,o9BS1K9nUg1vNFtXk4WrfQ
30.71459017294721,76.79721911701891,gLIyqpfPWXQLgLmRMxuWEQ
30.71462048838281,76.79718813244027,jLoD9tKVyXhhJxy4-2RT5w
30.71465835204519,76.7971493136817,x174xWo8GCGaBJs2AP3xmg
30.71465879781335,76.79730749344525,pZJ2FrgqxyAvtt_Q40sjsQ
30.71468872636599,76.7971180650124,IrJE1tzLPdY93nynpzltXg
30.7147286407419,76.79723795423057,-DIpg5KWdlPMvRHolHo3Gg
30.7147346776857,76.7970707958837,JnJbv4jamqgVWwaZ1I9baQ
30.71475800240898,76.79704720532486,VLp30JlYvVAwZi4yKrTokw
30.71480778626607,76.79716005265921,noupRuLEvUW3CiAzLjuhcQ
30.71481153360401,76.79699157384006,kFnNxJw9CfuqobWlDD_9Hw
30.71483508042402,76.79696763116807,9ybigOFCxdi-6ToiaMczdA
30.71487664520184,76.79709183372903,cASz_DdOe0EUXZXyAHQUoA
30.71488095451829,76.79692045000688,_sNDt02P2Ucl20DlMVRQmw
30.71491136040911,76.79688867313264,q3BFoWZAqoofCDFWkchUUg
30.71494423465917,76.79702467105552,5x9aUSi5QMLG64XKKiNa5A
30.71495719362593,76.7968419320647,LKqDaBqmRAsjRKeLW7-kZA
30.71498817976063,76.796810771343,mveNbBjaUvB4O5kMPyX4kQ
30.71501690134387,76.79694157590215,zGV56AyINY-EGGXj0so1bQ
30.71502658712459,76.79677221654097,uV7d79TMJHMgjGoJ6zyVHA
30.71506447763494,76.79673366172702,wchkhpBqQg5-IHYSdcQr-Q
30.71508368373684,76.79688330363233,_-ACN8foIs1xPtpFedOVhA
30.71509549089895,76.79670276505243,ysvcQBqw-R4jK-feL-UQBQ
30.71514948865576,76.79664915798347,sNw5HFL0p7jQbWTyp5l3zg
30.71515705750078,76.79680707430771,1Z4kTCZiSeP-7v0j5nnJEg
30.71521770314524,76.79657970642636,8BnB7lDLsQ-4ZOZZG4z4uQ
30.71522885350037,76.79673225333175,AQWH9rS7k1smIINo4RI63A
30.71524875257576,76.79654916181295,kr1rmcUeK8C24t2YYKsIGw
30.71528719598659,76.79651095902945,V8J8TpwPIGxzG-wnocvWhA
30.71530910875454,76.79664924600823,NCI97EbKSlN8qmJBcs8aFQ
30.7153181138896,76.79647997427477,-SZGokybJomC5Xk2o0vJ0g
30.71535713298941,76.79644150739534,qsMkVppGJujX-0P_5a-wKw
30.71537468468124,76.79658261124511,b8LKrI3TKNj7e5CEhzY4UQ
30.71539554910064,76.79640304050405,tt24UhHvsrYwqbpueiwaDA
30.71544196210826,76.7963569154288,8tciyNB685IIRq4nPH9ddA
30.71545024765737,76.79650840630848,fpyHI8Wb2ifylK2AEmD3Pw
30.71550904281859,76.79628984038435,-USQcw0faxOO7huNbwZWMQ
30.71552287283579,76.79643578577611,zGQl9roJW9nTAG99h5AdrA
30.71553263460645,76.79626633770275,QUU3rINkVVtppMY3ADXhbw
30.7155782087985,76.79622126887772,zna8cqsk2pOO66UvJg_jAw
30.71559017571863,76.7963700311485,w6KwHe7zmNPCMf0GFTwuCA
30.71561475696468,76.79618473847047,6eDHbCPPbl91vAY1gh80FA
30.71564420129208,76.79615533808673,AQWW2dmvtWvLX3qS85Y18Q
30.7156637662693,76.79629591411033,hh0Mn57TSmvHg0wWHYcTgg
30.71568846519052,76.79611009317128,EyO3-kRqYeddhhXnIXIGqw
30.71571050191766,76.79608738268224,5DqdMtHuIOIT4JNsM0dSvw
30.71574739379236,76.79622056467718,VNPgYIuMEKqXoAiSuDtwgg
30.71576825247847,76.7960267333327,mmlL-eMD1hlJAncGOTkB7w
30.71581883979297,76.79614820805251,yG3MXcKYkgoX41BGmsgFRw
30.71585603183399,76.79593149002757,rYWHGP_uW_MyE7g0hKtHlg
30.71588745689078,76.79608016461896,4i4Se9YtvrqrQRFgKyoz_g
30.71592133451832,76.79585385171578,tdxhLbC17S-SZdCBj7Il5g
30.7159623436254,76.7960102726188,gGNbM6d9VGF1dtZrvl9llw
30.7159772210279,76.79577427679727,RzbY0dlYBlMS9wm8TUtzUA
30.71602628880234,76.79568369864792,kZYtm7SmSp5UDqbotIBxIA
30.71605137018439,76.79594302133734,prxghe1Tm-st_u7d71SCFg
30.71614231489144,76.795900241053,cq3PoXuWywWo95Lns3CzIA
30.71622303615901,76.79584267249909,_uI9uftyh4HwgMN2FrNzLQ
30.71623768006162,76.79587444963994,elOdUSMmvsFMu855M3-x8g
30.71628294362564,76.79576283349729,fZR0ZKC4Zn21Pjgnrp2u-g
30.71629205744968,76.7958211943162,clIwcxYqJeJBnOW6ZZ6wPA
